name,size
Adam,416352.00432723504
Alan,246236.75042353114
Bruce,290404.0849158888
Emily,463465.34026344225
Kyle,380301.4771970487
Martha,299747.11952944344
Paula,243420.6764909998
Rachel,437088.60440145707
Ralph,194778.83073515925
Rose,218375.3504968824
Tina,274533.1117402593
Walter,269019.966651954
