scam,estimate,se,low,upp,estimate_annualized,low_annualized,upper_annualized,method
Non-Payment,0.007090633753849088,0.001206553262882232,0.004923717767321221,0.00988060550719183,0.0035516238930634048,0.0024648967416340817,0.004952566712114859,Direct
Advanced Fee,0.005670181712111273,0.001434755100094671,0.003213377996821458,0.009257068047682115,0.0028391211605377498,0.0016079818011470737,0.004639295555466494,Direct
Extortion,0.002254228084905548,0.0012905816487575469,4.725153296909004e-4,0.006527532023876044,0.001127749952430368,2.3628558028321311e-4,0.0032691095505648082,Direct
Overpayment,0.001161836467424102,5.98058000570196e-4,3.005654248705216e-4,0.003050464602607026,5.810870648004229e-4,1.5029400657950998e-4,0.0015263972455792363,Direct
Banking / Credit Card,0.22753841269894978,0.01631006033428149,0.19609092797772124,0.26144150291343704,0.12110206093025211,0.10339023425891758,0.14060573827458978,Direct
Non-Delivery,0.06307103802117339,0.010694047586956874,0.04369897641348682,0.08761413322441902,0.03204909113177301,0.02209355069796526,0.04481108320103455,Direct
Banking / Credit Card (Lost Money),0.021526554993720963,0.005341085306737184,0.012327077881552465,0.03477663036480039,0.010821833537416281,0.006182651530751593,0.01754217920808443,Direct
