scam,estimate,se,low,upp,estimate_annualized,low_annualized,upper_annualized,method
Non-Payment,0.007090633753771679,0.0012065532628961874,0.004923717767223349,0.009880605507156859,0.003551623893024658,0.00246489674158501,0.004952566712097317,Direct
Advanced Fee,0.005670181712199891,0.0014347550999569624,0.003213377997104718,0.009257068047332506,0.0028391211605821587,0.0016079818012889602,0.004639295555290968,Direct
Extortion,0.0022542280851003925,0.0012905816488685412,4.7251532973210464e-4,0.006527532024436941,0.0011277499525278456,2.3628558030375224e-4,0.0032691095508461387,Direct
Overpayment,0.00116183646749968,5.98058000611648e-4,3.005654248877532e-4,0.003050464602816915,5.810870648382815e-4,1.502940065880587e-4,0.0015263972456842634,Direct
Banking / Credit Card,0.22753841269608507,0.01631006033427772,0.19609092797488112,0.26144150291059476,0.12110206092862241,0.10339023425733374,0.1406057382729361,Direct
Non-Delivery,0.063071038022848,0.010694047587311907,0.04369897641452446,0.08761413322692779,0.0320490911326381,0.022093550698495723,0.044811083202347723,Direct
Banking / Credit Card (Lost Money),0.021526554991315217,0.005341085306563293,0.012327077879555755,0.034776630362206795,0.010821833536200254,0.006182651529747063,0.017542179206764485,Direct
