scam,method,estimate,low,upp,estimate_annualized,low_annualized,upper_annualized
Banking / Credit Card,Generalized Scale-Up,0.07654639973755369,0.03752748924239084,0.258527489482528,0.03903506814116975,0.018943166397782485,0.13891201929334074
Banking / Credit Card (Lost Money),Generalized Scale-Up,0.015657988236933852,0.006663623671301721,0.055058660371661156,0.007859882998844658,0.0033373808912574576,0.027919067346582116
Non-Delivery,Generalized Scale-Up,0.011489972863475579,0.0049979699161092125,0.03991080146907525,0.005761584358900174,0.0025021152484128173,0.020158585009326768
Non-Payment,Generalized Scale-Up,3.4217697768029596e-4,Inf,Inf,1.7110312698009889e-4,NA,NA
Overpayment,Generalized Scale-Up,6.462472382090488e-4,Inf,Inf,3.23175840416412e-4,NA,NA
Advanced Fee,Generalized Scale-Up,3.609921915450272e-4,Inf,Inf,1.8051238813365789e-4,NA,NA
Extortion,Generalized Scale-Up,0.0012049745173467548,Inf,Inf,6.026688635529798e-4,NA,NA
