scam,Mean,SE,q10,median,q90
Banking / Credit Card (Lost Money),3545.9486018878292,3076.970295472738,32.335269781486694,265.9461502553392,1000
Advanced Fee,1659.4882693990985,612.7409827952583,14.315703878449249,500,3000
Extortion,759.4905277814823,364.4242125781402,56.65280844203725,300,1442.2478070201662
Non-Payment,419.0683063322962,190.46958542354696,13.659034554668345,100,700
Overpayment,376.29392761390613,161.46423166187378,35,88.01199571637025,854.2650007480372
Non-Delivery,116.65796151193021,22.381627537077076,15,57.0495079177839,300
