degree_ratio,true_positive_rate,Incidence,adjustment_factor
1.0144156627963887,0.00872252718158358,common,113.01646585321787
1.3128022585880712,0.013866060460853749,pooled,54.93480600964694
