scam,degree_ratio,true_positive_rate,prevalence
banking,0.9548982712587992,0.009654785132713626,common
banking_lostmoney,0.8911572557301695,0,common
nondelivery,1.2295621630909943,0.005407337635933982,common
nonpayment,0.858185241530813,0.0207216966262258,rare
overpayment,1.0863254098899862,0.01966713743442389,rare
extortion,2.388727712952956,0,rare
advanced_fee,1.6740346595414335,0.016541986063944237,rare
