Cybercrime,Incidence,Degree Ratio,Visibility_ratio,Adjustment Factor
Banking / Credit Card,common,0.954898271,0.009654785,108.4676622
Banking / Credit Card (Lost Money),common,0.891157256,0,Inf
Non-Delivery,common,1.229562163,0.005407338,150.406298
Non-Payment,rare,0.858185242,0.020721697,56.23330995
Overpayment,rare,1.08632541,0.019667137,46.80571774
Extortion,rare,2.388727713,0,Inf
Advanced Fee,rare,1.67403466,0.016541986,36.11169751