Cybercrime,Incidence,Degree Ratio,Visibility_ratio,Adjustment Factor
Banking / Credit Card,common,1.0292086913403806,0.006442127847634518,150.82287516914647
Banking / Credit Card (Lost Money),common,1.115065680229815,0,Inf
Non-Delivery,common,1.2687364837838415,0.0039302829093351855,200.5417306500258
Non-Payment,rare,1.3192170865463706,0.014043418812719859,53.97726613743536
Overpayment,rare,3.523114405885764,0.009169720838529339,30.95402574655231
Extortion,rare,3.5617594049539836,0.010516247457748764,26.697747623826046
Advanced Fee,rare,1.8689159102111856,0.010988046912338574,48.695601403010066
