degree_ratio,true_positive_rate,factor,adjustment_factor
1.0144156627931544,0.00872252718220471,common,113.0164658455303
1.3128022585545036,0.013866060461396663,pooled,54.934806008900665
