degree_ratio,true_positive_rate,Incidence,adjustment_factor
1.0665360972453684,0.005930196501687083,common,158.1085503765082
1.536755694013734,0.007106415688102035,pooled,91.5681755555717
